{
  "scenario": "soc_relaxation",
  "description": "SOC-Dependent Comfort Relaxation",
  "timestamp": "2026-03-05T10:39:48.972117",
  "config": {
    "duration_hours": 2.0,
    "hvac_mode": "cooling",
    "T_cabin_init_C": 22.0,
    "T_mass_init_C": 24.0,
    "soc_threshold": 0.1,
    "soc_low_weight_factor": 0.02,
    "weights": {
      "T_cabin": 5000.0,
      "T_vent": 1.0,
      "T_ptc": 0.0,
      "C_CO2": 30.0,
      "energy": 0.0001
    }
  },
  "metrics": {
    "PID": {
      "T_mean_C": 22.31864249936133,
      "T_max_C": 23.463276671102903,
      "T_min_C": 22.0,
      "T_final_C": 22.2625428066238,
      "T_max_dev_K": 1.4632766711029035,
      "comfort_violation_Kmin": 0.0,
      "energy_total_Wh": 1702.9889145402444,
      "energy_before_threshold_Wh": 819.6428017340145,
      "energy_after_threshold_Wh": 883.3461128062304,
      "u_hvac_mean": 0.9753842054962892,
      "u_hvac_mean_before": 0.9507684109925786,
      "u_hvac_mean_after": 1.0,
      "time_in_band_pct": 100.0
    },
    "MPC": {
      "T_mean_C": 22.643488458775366,
      "T_max_C": 23.009900157440597,
      "T_min_C": 22.0,
      "T_final_C": 22.74366147677688,
      "T_max_dev_K": 1.0099001574405975,
      "comfort_violation_Kmin": 0.0,
      "energy_total_Wh": 501.5329341480946,
      "energy_before_threshold_Wh": 254.35566302401202,
      "energy_after_threshold_Wh": 247.17727112408264,
      "u_hvac_mean": 0.3331188469981961,
      "u_hvac_mean_before": 0.33044895720705725,
      "u_hvac_mean_after": 0.3357887367893349,
      "time_in_band_pct": 100.0
    }
  }
}